album_track,t_start,t_end,label_true,label_pred
12_-_Let_It_Be/02_-_Dig_a_Pony,3.680294,5.050272,G:maj,G:maj
12_-_Let_It_Be/02_-_Dig_a_Pony,9.230853,10.611451,G:maj,G:maj
12_-_Let_It_Be/02_-_Dig_a_Pony,10.611451,12.004648,D:maj,D:maj
12_-_Let_It_Be/02_-_Dig_a_Pony,12.004648,14.849092,A:maj,A:maj
12_-_Let_It_Be/02_-_Dig_a_Pony,14.849092,16.24229,G:maj,D:maj
12_-_Let_It_Be/02_-_Dig_a_Pony,16.24229,17.670317,D:maj,D:maj
12_-_Let_It_Be/02_-_Dig_a_Pony,17.670317,20.503151,A:maj,A:maj
12_-_Let_It_Be/02_-_Dig_a_Pony,20.503151,26.56356,A:maj,A:maj
12_-_Let_It_Be/02_-_Dig_a_Pony,26.56356,29.605374,Gb:min,Gb:min
12_-_Let_It_Be/02_-_Dig_a_Pony,29.605374,31.045011,B:min,B:maj
12_-_Let_It_Be/02_-_Dig_a_Pony,31.045011,34.237755,G:maj,G:maj
12_-_Let_It_Be/02_-_Dig_a_Pony,34.237755,35.758662,B:min,B:maj
12_-_Let_It_Be/02_-_Dig_a_Pony,35.758662,37.337619,G:maj,G:maj
12_-_Let_It_Be/02_-_Dig_a_Pony,37.337619,40.507142,E:maj,E:maj
12_-_Let_It_Be/02_-_Dig_a_Pony,40.507142,46.81136,A:maj,A:maj
12_-_Let_It_Be/02_-_Dig_a_Pony,46.81136,50.004104,Gb:min,Gb:min
12_-_Let_It_Be/02_-_Dig_a_Pony,50.004104,51.397301,B:min,B:maj
12_-_Let_It_Be/02_-_Dig_a_Pony,51.397301,54.613265,G:maj,G:maj
12_-_Let_It_Be/02_-_Dig_a_Pony,54.613265,56.134172,B:min,B:maj
12_-_Let_It_Be/02_-_Dig_a_Pony,56.134172,57.713129,G:maj,G:maj
12_-_Let_It_Be/02_-_Dig_a_Pony,57.713129,60.731723,E:maj,E:maj
12_-_Let_It_Be/02_-_Dig_a_Pony,60.731723,62.26424,G:maj,G:maj
12_-_Let_It_Be/02_-_Dig_a_Pony,62.26424,63.819977,D:maj,D:maj
12_-_Let_It_Be/02_-_Dig_a_Pony,63.819977,66.710861,A:maj,A:maj
12_-_Let_It_Be/02_-_Dig_a_Pony,66.710861,68.115668,G:maj,G:maj
12_-_Let_It_Be/02_-_Dig_a_Pony,68.115668,69.624965,D:maj,D:maj
12_-_Let_It_Be/02_-_Dig_a_Pony,69.624965,74.696536,A:maj,A:maj
12_-_Let_It_Be/02_-_Dig_a_Pony,76.285788,82.52365,A:maj,A:maj
12_-_Let_It_Be/02_-_Dig_a_Pony,82.52365,85.600294,Gb:min,Gb:min
12_-_Let_It_Be/02_-_Dig_a_Pony,85.600294,87.121201,B:min,B:maj
12_-_Let_It_Be/02_-_Dig_a_Pony,87.121201,90.290725,G:maj,G:maj
12_-_Let_It_Be/02_-_Dig_a_Pony,90.290725,91.823242,B:min,B:maj
12_-_Let_It_Be/02_-_Dig_a_Pony,91.823242,93.413809,G:maj,G:maj
12_-_Let_It_Be/02_-_Dig_a_Pony,93.413809,96.513673,E:maj,E:maj
12_-_Let_It_Be/02_-_Dig_a_Pony,96.513673,102.829501,A:maj,A:maj
12_-_Let_It_Be/02_-_Dig_a_Pony,102.829501,105.940975,Gb:min,Gb:min
12_-_Let_It_Be/02_-_Dig_a_Pony,105.940975,107.437246,B:min,B:maj
12_-_Let_It_Be/02_-_Dig_a_Pony,107.437246,110.608185,G:maj,G:maj
12_-_Let_It_Be/02_-_Dig_a_Pony,110.608185,112.175532,B:min,B:maj
12_-_Let_It_Be/02_-_Dig_a_Pony,112.175532,113.719659,G:maj,G:maj
12_-_Let_It_Be/02_-_Dig_a_Pony,113.719659,116.749863,E:maj,E:maj
12_-_Let_It_Be/02_-_Dig_a_Pony,116.749863,118.29399,G:maj,G:maj
12_-_Let_It_Be/02_-_Dig_a_Pony,118.29399,119.872947,D:maj,D:maj
12_-_Let_It_Be/02_-_Dig_a_Pony,119.872947,122.763832,A:maj,A:maj
12_-_Let_It_Be/02_-_Dig_a_Pony,122.763832,124.191859,G:maj,E:min
12_-_Let_It_Be/02_-_Dig_a_Pony,124.191859,125.677936,D:maj,D:maj
12_-_Let_It_Be/02_-_Dig_a_Pony,125.677936,132.214353,A:maj,A:maj
12_-_Let_It_Be/02_-_Dig_a_Pony,132.214353,138.286371,A:maj,A:maj
12_-_Let_It_Be/02_-_Dig_a_Pony,138.286371,141.374625,Gb:min,Gb:min
12_-_Let_It_Be/02_-_Dig_a_Pony,141.374625,142.895532,B:min,B:maj
12_-_Let_It_Be/02_-_Dig_a_Pony,142.895532,145.972176,G:maj,G:maj
12_-_Let_It_Be/02_-_Dig_a_Pony,145.972176,147.469863,B:min,B:maj
12_-_Let_It_Be/02_-_Dig_a_Pony,147.469863,148.968415,G:maj,G:maj
12_-_Let_It_Be/02_-_Dig_a_Pony,148.968415,151.974535,E:maj,E:maj
12_-_Let_It_Be/02_-_Dig_a_Pony,151.974535,158.127823,A:maj,A:maj
12_-_Let_It_Be/02_-_Dig_a_Pony,158.127823,161.262517,Gb:min,Gb:min
12_-_Let_It_Be/02_-_Dig_a_Pony,161.262517,162.783424,B:min,B:maj
12_-_Let_It_Be/02_-_Dig_a_Pony,162.783424,165.883287,G:maj,G:maj
12_-_Let_It_Be/02_-_Dig_a_Pony,165.883287,167.404195,B:min,G:maj
12_-_Let_It_Be/02_-_Dig_a_Pony,167.404195,168.994761,G:maj,G:maj
12_-_Let_It_Be/02_-_Dig_a_Pony,168.994761,172.071405,E:maj,E:maj
12_-_Let_It_Be/02_-_Dig_a_Pony,172.071405,178.375623,A:maj,A:maj
12_-_Let_It_Be/02_-_Dig_a_Pony,178.375623,181.661247,Gb:min,Gb:min
12_-_Let_It_Be/02_-_Dig_a_Pony,181.661247,183.166049,B:min,B:maj
12_-_Let_It_Be/02_-_Dig_a_Pony,183.166049,186.386507,G:maj,G:maj
12_-_Let_It_Be/02_-_Dig_a_Pony,186.386507,187.930634,B:min,B:maj
12_-_Let_It_Be/02_-_Dig_a_Pony,187.930634,189.599646,G:maj,G:maj
12_-_Let_It_Be/02_-_Dig_a_Pony,189.599646,192.621065,E:maj,E:maj
12_-_Let_It_Be/02_-_Dig_a_Pony,192.621065,194.176802,G:maj,E:min
12_-_Let_It_Be/02_-_Dig_a_Pony,194.176802,195.744149,D:maj,D:maj
12_-_Let_It_Be/02_-_Dig_a_Pony,195.744149,198.716303,A:maj,A:maj
12_-_Let_It_Be/02_-_Dig_a_Pony,198.716303,200.155941,G:maj,G:maj
12_-_Let_It_Be/02_-_Dig_a_Pony,200.155941,201.642018,D:maj,D:maj
12_-_Let_It_Be/02_-_Dig_a_Pony,201.642018,206.700168,A:maj,A:maj
12_-_Let_It_Be/02_-_Dig_a_Pony,208.190045,209.641292,G:maj,D:maj
12_-_Let_It_Be/02_-_Dig_a_Pony,209.641292,211.057709,D:maj,D:maj
12_-_Let_It_Be/02_-_Dig_a_Pony,211.057709,213.971814,A:maj,A:maj
12_-_Let_It_Be/02_-_Dig_a_Pony,213.971814,215.423061,G:maj,D:maj
12_-_Let_It_Be/02_-_Dig_a_Pony,215.423061,216.827868,D:maj,D:maj
12_-_Let_It_Be/02_-_Dig_a_Pony,216.827868,219.741972,A:maj,A:maj
12_-_Let_It_Be/02_-_Dig_a_Pony,219.741972,225.866927,A:maj,A:maj
11_-_Abbey_Road/04_-_Oh!_Darling,0.440395,2.795551,E:maj,E:maj
11_-_Abbey_Road/04_-_Oh!_Darling,2.795551,7.180354,A:maj,A:maj
11_-_Abbey_Road/04_-_Oh!_Darling,7.180354,11.302879,E:maj,B:min
11_-_Abbey_Road/04_-_Oh!_Darling,11.302879,15.447641,Gb:min,Gb:min
11_-_Abbey_Road/04_-_Oh!_Darling,15.447641,19.627233,D:maj,A:maj
11_-_Abbey_Road/04_-_Oh!_Darling,19.627233,21.670589,B:min,B:maj
11_-_Abbey_Road/04_-_Oh!_Darling,21.670589,23.795215,E:maj,E:maj
11_-_Abbey_Road/04_-_Oh!_Darling,23.795215,25.850181,B:min,B:maj
11_-_Abbey_Road/04_-_Oh!_Darling,25.850181,28.009637,E:maj,E:maj
11_-_Abbey_Road/04_-_Oh!_Darling,28.009637,29.925283,A:maj,A:maj
11_-_Abbey_Road/04_-_Oh!_Darling,29.925283,31.898979,D:maj,D:maj
11_-_Abbey_Road/04_-_Oh!_Darling,31.898979,33.826235,A:maj,A:maj
11_-_Abbey_Road/04_-_Oh!_Darling,33.826235,35.962471,E:maj,E:maj
11_-_Abbey_Road/04_-_Oh!_Darling,35.962471,40.142063,A:maj,E:maj
11_-_Abbey_Road/04_-_Oh!_Darling,40.142063,44.286825,E:maj,E:maj
11_-_Abbey_Road/04_-_Oh!_Darling,44.286825,48.466417,Gb:min,Gb:min
11_-_Abbey_Road/04_-_Oh!_Darling,48.466417,52.587959,D:maj,D:maj
11_-_Abbey_Road/04_-_Oh!_Darling,52.587959,54.666145,B:min,B:maj
11_-_Abbey_Road/04_-_Oh!_Darling,54.666145,56.755941,E:maj,E:maj
11_-_Abbey_Road/04_-_Oh!_Darling,56.755941,58.868956,B:min,B:maj
11_-_Abbey_Road/04_-_Oh!_Darling,58.868956,60.935532,E:maj,E:maj
11_-_Abbey_Road/04_-_Oh!_Darling,60.935532,62.932448,A:maj,A:maj
11_-_Abbey_Road/04_-_Oh!_Darling,62.932448,64.871315,D:maj,D:maj
11_-_Abbey_Road/04_-_Oh!_Darling,64.871315,66.786961,A:maj,A:maj
11_-_Abbey_Road/04_-_Oh!_Darling,66.786961,68.714217,A:maj,A:maj
11_-_Abbey_Road/04_-_Oh!_Darling,68.714217,72.777709,D:maj,D:min
11_-_Abbey_Road/04_-_Oh!_Darling,72.777709,76.934081,F:maj,F:maj
11_-_Abbey_Road/04_-_Oh!_Darling,76.934081,85.142335,A:maj,A:maj
11_-_Abbey_Road/04_-_Oh!_Darling,85.142335,93.362199,B:maj,B:maj
11_-_Abbey_Road/04_-_Oh!_Darling,93.362199,95.417165,E:maj,E:maj
11_-_Abbey_Road/04_-_Oh!_Darling,95.417165,97.437301,F:maj,F:maj
11_-_Abbey_Road/04_-_Oh!_Darling,97.437301,99.47184,E:maj,E:maj
11_-_Abbey_Road/04_-_Oh!_Darling,99.47184,101.582063,E:maj,E:maj
11_-_Abbey_Road/04_-_Oh!_Darling,101.582063,105.912585,A:maj,A:maj
11_-_Abbey_Road/04_-_Oh!_Darling,105.912585,110.127006,E:maj,B:maj
11_-_Abbey_Road/04_-_Oh!_Darling,110.127006,114.341428,Gb:min,F:maj
11_-_Abbey_Road/04_-_Oh!_Darling,114.341428,118.48619,D:maj,D:maj
11_-_Abbey_Road/04_-_Oh!_Darling,118.48619,120.587596,B:min,B:maj
11_-_Abbey_Road/04_-_Oh!_Darling,120.587596,122.747052,E:maj,E:maj
11_-_Abbey_Road/04_-_Oh!_Darling,122.747052,124.848458,B:min,B:maj
11_-_Abbey_Road/04_-_Oh!_Darling,124.848458,126.961473,E:maj,E:maj
11_-_Abbey_Road/04_-_Oh!_Darling,126.961473,128.94678,A:maj,A:maj
11_-_Abbey_Road/04_-_Oh!_Darling,128.94678,130.932086,D:maj,D:maj
11_-_Abbey_Road/04_-_Oh!_Darling,130.932086,132.882562,A:maj,A:maj
11_-_Abbey_Road/04_-_Oh!_Darling,132.882562,134.821428,A:maj,D:maj
11_-_Abbey_Road/04_-_Oh!_Darling,134.821428,138.98941,D:maj,D:min
11_-_Abbey_Road/04_-_Oh!_Darling,138.98941,143.064512,F:maj,F:maj
11_-_Abbey_Road/04_-_Oh!_Darling,143.064512,151.330816,A:maj,A:maj
11_-_Abbey_Road/04_-_Oh!_Darling,151.330816,159.5739,B:maj,B:maj
11_-_Abbey_Road/04_-_Oh!_Darling,159.5739,161.617256,E:maj,B:maj
11_-_Abbey_Road/04_-_Oh!_Darling,161.617256,163.614172,F:maj,F:maj
11_-_Abbey_Road/04_-_Oh!_Darling,163.614172,165.750408,E:maj,E:maj
11_-_Abbey_Road/04_-_Oh!_Darling,165.750408,168.049183,E:maj,C:maj
11_-_Abbey_Road/04_-_Oh!_Darling,168.049183,172.263605,A:maj,A:maj
11_-_Abbey_Road/04_-_Oh!_Darling,172.263605,176.489637,E:maj,E:maj
11_-_Abbey_Road/04_-_Oh!_Darling,176.489637,180.622789,Gb:min,Gb:min
11_-_Abbey_Road/04_-_Oh!_Darling,180.622789,184.88365,D:maj,D:maj
11_-_Abbey_Road/04_-_Oh!_Darling,184.88365,186.985056,B:min,B:maj
11_-_Abbey_Road/04_-_Oh!_Darling,186.985056,189.109682,E:maj,E:maj
11_-_Abbey_Road/04_-_Oh!_Darling,189.109682,191.176258,B:min,B:maj
11_-_Abbey_Road/04_-_Oh!_Darling,191.176258,193.277664,E:maj,E:maj
11_-_Abbey_Road/04_-_Oh!_Darling,193.277664,195.27458,A:maj,A:maj
11_-_Abbey_Road/04_-_Oh!_Darling,195.27458,197.283106,D:maj,D:maj
11_-_Abbey_Road/04_-_Oh!_Darling,197.283106,198.397664,A:maj,A:maj
11_-_Abbey_Road/04_-_Oh!_Darling,198.397664,199.047823,Bb:maj,Bb:maj
11_-_Abbey_Road/04_-_Oh!_Darling,199.047823,204.285864,A:maj,A:min
05_-_Help!/13_-_Yesterday,0.440395,5.396961,F:maj,F:min
05_-_Help!/13_-_Yesterday,5.396961,7.893106,F:maj,F:maj
05_-_Help!/13_-_Yesterday,7.893106,9.112154,E:min,E:maj
05_-_Help!/13_-_Yesterday,9.112154,10.416301,A:maj,D:maj
05_-_Help!/13_-_Yesterday,10.416301,12.258458,D:min,D:min
05_-_Help!/13_-_Yesterday,12.258458,12.827346,D:min,C:min
05_-_Help!/13_-_Yesterday,12.827346,14.046394,Bb:maj,Bb:maj
05_-_Help!/13_-_Yesterday,14.046394,15.300272,C:maj,C:min
05_-_Help!/13_-_Yesterday,15.300272,17.079669,F:maj,F:min
05_-_Help!/13_-_Yesterday,17.680317,18.887755,D:min,F:maj
05_-_Help!/13_-_Yesterday,18.887755,20.130022,G:maj,G:maj
05_-_Help!/13_-_Yesterday,20.130022,20.768571,Bb:maj,Bb:maj
05_-_Help!/13_-_Yesterday,20.768571,22.626167,F:maj,F:maj
05_-_Help!/13_-_Yesterday,22.626167,25.095075,F:maj,F:maj
05_-_Help!/13_-_Yesterday,25.095075,26.31814,A:maj,E:maj
05_-_Help!/13_-_Yesterday,26.31814,27.537188,A:maj,A:maj
05_-_Help!/13_-_Yesterday,27.537188,29.406394,D:min,D:min
05_-_Help!/13_-_Yesterday,29.406394,29.986893,A:min,F:maj
05_-_Help!/13_-_Yesterday,29.986893,31.217551,Bb:maj,Bb:maj
05_-_Help!/13_-_Yesterday,31.217551,32.436598,C:maj,C:maj
05_-_Help!/13_-_Yesterday,33.048777,34.874693,F:maj,F:maj
05_-_Help!/13_-_Yesterday,34.874693,36.140181,D:min,F:maj
05_-_Help!/13_-_Yesterday,36.140181,37.312789,G:maj,G:maj
05_-_Help!/13_-_Yesterday,37.312789,37.951337,Bb:maj,Bb:maj
05_-_Help!/13_-_Yesterday,37.951337,39.890204,F:maj,F:maj
05_-_Help!/13_-_Yesterday,39.890204,41.144081,E:min,D:min
05_-_Help!/13_-_Yesterday,41.144081,42.351519,A:maj,A:maj
05_-_Help!/13_-_Yesterday,42.351519,43.001678,D:min,D:min
05_-_Help!/13_-_Yesterday,43.001678,43.605396,D:min,C:maj
05_-_Help!/13_-_Yesterday,43.605396,44.232335,Bb:maj,Bb:maj
05_-_Help!/13_-_Yesterday,44.859274,46.043492,G:min,E:min
05_-_Help!/13_-_Yesterday,46.043492,47.274149,C:maj,C:maj
05_-_Help!/13_-_Yesterday,47.274149,49.758684,F:maj,F:maj
05_-_Help!/13_-_Yesterday,49.758684,50.989342,E:min,A:min
05_-_Help!/13_-_Yesterday,50.989342,52.18517,A:maj,A:maj
05_-_Help!/13_-_Yesterday,52.18517,52.800498,D:min,D:min
05_-_Help!/13_-_Yesterday,52.800498,53.473877,D:min,C:maj
05_-_Help!/13_-_Yesterday,53.473877,54.100816,Bb:maj,Bb:maj
05_-_Help!/13_-_Yesterday,54.681315,55.935192,G:min,E:min
05_-_Help!/13_-_Yesterday,55.935192,57.17746,C:maj,C:maj
05_-_Help!/13_-_Yesterday,57.17746,59.766485,F:maj,F:min
05_-_Help!/13_-_Yesterday,59.766485,62.15814,F:maj,F:maj
05_-_Help!/13_-_Yesterday,62.15814,63.377188,A:maj,E:maj
05_-_Help!/13_-_Yesterday,63.377188,64.723945,A:maj,A:min
05_-_Help!/13_-_Yesterday,64.723945,66.651201,D:min,D:min
05_-_Help!/13_-_Yesterday,66.651201,67.28975,A:min,C:min
05_-_Help!/13_-_Yesterday,67.28975,68.532018,Bb:maj,Bb:maj
05_-_Help!/13_-_Yesterday,68.532018,69.785895,C:maj,C:maj
05_-_Help!/13_-_Yesterday,70.405766,72.30526,F:maj,F:maj
05_-_Help!/13_-_Yesterday,72.30526,73.559138,D:min,F:maj
05_-_Help!/13_-_Yesterday,73.559138,74.801405,G:maj,G:maj
05_-_Help!/13_-_Yesterday,74.801405,75.509614,Bb:maj,F:maj
05_-_Help!/13_-_Yesterday,75.509614,77.36721,F:maj,F:maj
05_-_Help!/13_-_Yesterday,77.36721,78.667528,E:min,D:maj
05_-_Help!/13_-_Yesterday,78.667528,79.851746,A:maj,A:maj
05_-_Help!/13_-_Yesterday,79.851746,80.490294,D:min,D:min
05_-_Help!/13_-_Yesterday,80.490294,81.186893,D:min,C:maj
05_-_Help!/13_-_Yesterday,81.186893,81.825442,Bb:maj,Bb:maj
05_-_Help!/13_-_Yesterday,82.44077,83.752698,G:min,E:min
05_-_Help!/13_-_Yesterday,83.752698,84.867256,C:maj,C:maj
05_-_Help!/13_-_Yesterday,84.867256,86.022774,F:maj,F:maj
05_-_Help!/13_-_Yesterday,86.022774,87.328571,F:maj,F:min
05_-_Help!/13_-_Yesterday,87.328571,88.547619,E:min,A:min
05_-_Help!/13_-_Yesterday,88.547619,89.824716,A:maj,A:maj
05_-_Help!/13_-_Yesterday,89.824716,90.381995,D:min,D:min
05_-_Help!/13_-_Yesterday,90.381995,91.032154,D:min,C:maj
05_-_Help!/13_-_Yesterday,91.032154,91.635873,Bb:maj,Bb:maj
05_-_Help!/13_-_Yesterday,92.262811,93.493469,G:min,E:min
05_-_Help!/13_-_Yesterday,93.493469,94.724126,C:maj,C:maj
05_-_Help!/13_-_Yesterday,94.724126,97.324761,F:maj,F:maj
05_-_Help!/13_-_Yesterday,97.324761,99.890566,F:maj,F:maj
05_-_Help!/13_-_Yesterday,99.890566,101.109614,E:min,E:min
05_-_Help!/13_-_Yesterday,101.109614,102.409931,A:maj,A:min
05_-_Help!/13_-_Yesterday,102.409931,104.277891,D:min,D:min
05_-_Help!/13_-_Yesterday,104.277891,104.952517,D:min,F:maj
05_-_Help!/13_-_Yesterday,104.952517,106.136734,Bb:maj,Bb:maj
05_-_Help!/13_-_Yesterday,106.136734,107.390612,C:maj,C:maj
05_-_Help!/13_-_Yesterday,107.390612,107.965937,Bb:maj,Bb:maj
05_-_Help!/13_-_Yesterday,107.965937,109.25801,F:maj,F:maj
05_-_Help!/13_-_Yesterday,109.875147,111.152244,D:min,F:maj
05_-_Help!/13_-_Yesterday,111.152244,112.359682,G:maj,G:maj
05_-_Help!/13_-_Yesterday,112.359682,113.067891,Bb:maj,Bb:maj
05_-_Help!/13_-_Yesterday,113.067891,114.937097,F:maj,F:maj
05_-_Help!/13_-_Yesterday,117.816371,118.69873,Bb:maj,Bb:maj
05_-_Help!/13_-_Yesterday,118.69873,123.16914,F:maj,F:maj
07_-_Revolver/03_-_I'm_Only_Sleeping,0.412721,2.908866,Eb:min,Eb:maj
07_-_Revolver/03_-_I'm_Only_Sleeping,2.908866,5.149591,Ab:min,Eb:maj
07_-_Revolver/03_-_I'm_Only_Sleeping,5.149591,6.310589,Gb:maj,Gb:maj
07_-_Revolver/03_-_I'm_Only_Sleeping,6.310589,7.459977,B:maj,B:min
07_-_Revolver/03_-_I'm_Only_Sleeping,7.459977,8.620975,Gb:maj,Gb:maj
07_-_Revolver/03_-_I'm_Only_Sleeping,8.620975,9.689092,Bb:maj,G:min
07_-_Revolver/03_-_I'm_Only_Sleeping,9.689092,12.045918,Eb:min,Eb:maj
07_-_Revolver/03_-_I'm_Only_Sleeping,12.045918,14.367913,Ab:min,Eb:maj
07_-_Revolver/03_-_I'm_Only_Sleeping,14.367913,15.552131,Gb:maj,Gb:maj
07_-_Revolver/03_-_I'm_Only_Sleeping,15.552131,16.713129,B:maj,B:min
07_-_Revolver/03_-_I'm_Only_Sleeping,16.713129,17.850907,Gb:maj,Gb:maj
07_-_Revolver/03_-_I'm_Only_Sleeping,17.850907,21.36873,B:maj,B:maj
07_-_Revolver/03_-_I'm_Only_Sleeping,21.36873,23.667505,Gb:maj,Gb:maj
07_-_Revolver/03_-_I'm_Only_Sleeping,23.667505,25.943061,Ab:min,Ab:maj
07_-_Revolver/03_-_I'm_Only_Sleeping,25.943061,28.253446,Bb:min,Bb:maj
07_-_Revolver/03_-_I'm_Only_Sleeping,28.253446,30.552222,Ab:min,D:maj
07_-_Revolver/03_-_I'm_Only_Sleeping,30.552222,35.231043,B:maj,B:maj
07_-_Revolver/03_-_I'm_Only_Sleeping,35.231043,37.599478,Eb:min,Eb:maj
07_-_Revolver/03_-_I'm_Only_Sleeping,37.599478,39.840204,Ab:min,Ab:maj
07_-_Revolver/03_-_I'm_Only_Sleeping,39.840204,41.012811,Gb:maj,Gb:maj
07_-_Revolver/03_-_I'm_Only_Sleeping,41.012811,42.197029,B:maj,B:min
07_-_Revolver/03_-_I'm_Only_Sleeping,42.197029,43.323197,Gb:maj,Gb:maj
07_-_Revolver/03_-_I'm_Only_Sleeping,43.323197,44.472585,Bb:maj,Bb:maj
07_-_Revolver/03_-_I'm_Only_Sleeping,44.472585,46.80619,Eb:min,Eb:maj
07_-_Revolver/03_-_I'm_Only_Sleeping,46.80619,49.151405,Ab:min,B:maj
07_-_Revolver/03_-_I'm_Only_Sleeping,49.151405,50.289183,Gb:maj,Gb:maj
07_-_Revolver/03_-_I'm_Only_Sleeping,50.289183,51.450181,B:maj,B:min
07_-_Revolver/03_-_I'm_Only_Sleeping,51.450181,52.622789,Gb:maj,Gb:maj
07_-_Revolver/03_-_I'm_Only_Sleeping,52.622789,56.105782,B:maj,B:maj
07_-_Revolver/03_-_I'm_Only_Sleeping,56.105782,58.358117,Gb:maj,Gb:maj
07_-_Revolver/03_-_I'm_Only_Sleeping,58.358117,60.691723,Ab:min,Ab:min
07_-_Revolver/03_-_I'm_Only_Sleeping,60.691723,62.978888,Bb:min,Bb:maj
07_-_Revolver/03_-_I'm_Only_Sleeping,62.978888,65.312494,Ab:min,Ab:min
07_-_Revolver/03_-_I'm_Only_Sleeping,65.312494,70.037755,B:maj,B:maj
07_-_Revolver/03_-_I'm_Only_Sleeping,70.037755,74.658526,Eb:min,Eb:maj
07_-_Revolver/03_-_I'm_Only_Sleeping,74.658526,77.015351,Db:min,Db:maj
07_-_Revolver/03_-_I'm_Only_Sleeping,77.015351,79.267687,Eb:maj,Eb:maj
07_-_Revolver/03_-_I'm_Only_Sleeping,79.267687,81.589682,Ab:min,B:maj
07_-_Revolver/03_-_I'm_Only_Sleeping,81.589682,83.911678,E:maj,E:maj
07_-_Revolver/03_-_I'm_Only_Sleeping,83.911678,86.268503,Eb:maj,Eb:maj
07_-_Revolver/03_-_I'm_Only_Sleeping,86.268503,88.555668,Ab:min,Ab:maj
07_-_Revolver/03_-_I'm_Only_Sleeping,88.555668,89.728276,Gb:maj,Gb:maj
07_-_Revolver/03_-_I'm_Only_Sleeping,89.728276,90.889274,B:maj,B:min
07_-_Revolver/03_-_I'm_Only_Sleeping,90.889274,92.038662,Gb:maj,Gb:min
07_-_Revolver/03_-_I'm_Only_Sleeping,92.038662,93.199659,Bb:maj,Bb:maj
07_-_Revolver/03_-_I'm_Only_Sleeping,93.199659,95.533265,Eb:min,Eb:maj
07_-_Revolver/03_-_I'm_Only_Sleeping,95.533265,97.85526,Ab:min,Eb:maj
07_-_Revolver/03_-_I'm_Only_Sleeping,97.85526,99.016258,Gb:maj,Gb:maj
07_-_Revolver/03_-_I'm_Only_Sleeping,99.016258,100.177256,B:maj,B:min
07_-_Revolver/03_-_I'm_Only_Sleeping,100.177256,101.326643,Gb:maj,Gb:maj
07_-_Revolver/03_-_I'm_Only_Sleeping,101.326643,104.844467,B:maj,B:maj
07_-_Revolver/03_-_I'm_Only_Sleeping,104.844467,107.247732,Gb:maj,Gb:min
07_-_Revolver/03_-_I'm_Only_Sleeping,107.247732,109.511678,Ab:min,Ab:min
07_-_Revolver/03_-_I'm_Only_Sleeping,109.511678,111.891723,Bb:min,Bb:maj
07_-_Revolver/03_-_I'm_Only_Sleeping,111.891723,114.155668,Ab:min,D:maj
07_-_Revolver/03_-_I'm_Only_Sleeping,114.155668,116.512494,B:maj,B:maj
07_-_Revolver/03_-_I'm_Only_Sleeping,116.512494,118.846099,Ab:min,D:maj
07_-_Revolver/03_-_I'm_Only_Sleeping,118.846099,123.52492,Eb:min,Eb:maj
07_-_Revolver/03_-_I'm_Only_Sleeping,123.52492,125.904965,Db:min,Db:maj
07_-_Revolver/03_-_I'm_Only_Sleeping,125.904965,128.157301,Eb:maj,Eb:maj
07_-_Revolver/03_-_I'm_Only_Sleeping,128.157301,130.560566,Ab:min,D:maj
07_-_Revolver/03_-_I'm_Only_Sleeping,130.560566,132.750388,E:maj,E:maj
07_-_Revolver/03_-_I'm_Only_Sleeping,132.750388,135.239387,Eb:maj,Eb:maj
07_-_Revolver/03_-_I'm_Only_Sleeping,135.239387,137.538163,Ab:min,Ab:maj
07_-_Revolver/03_-_I'm_Only_Sleeping,137.538163,138.675941,Gb:maj,Gb:maj
07_-_Revolver/03_-_I'm_Only_Sleeping,138.675941,139.860158,B:maj,B:min
07_-_Revolver/03_-_I'm_Only_Sleeping,139.860158,141.009546,Gb:maj,Gb:min
07_-_Revolver/03_-_I'm_Only_Sleeping,141.009546,142.193764,Bb:maj,Bb:maj
07_-_Revolver/03_-_I'm_Only_Sleeping,142.193764,144.538979,Eb:min,Eb:maj
07_-_Revolver/03_-_I'm_Only_Sleeping,144.538979,146.837755,Ab:min,B:maj
07_-_Revolver/03_-_I'm_Only_Sleeping,146.837755,147.975532,Gb:maj,Gb:maj
07_-_Revolver/03_-_I'm_Only_Sleeping,147.975532,149.17136,B:maj,B:min
07_-_Revolver/03_-_I'm_Only_Sleeping,149.17136,150.343968,Gb:maj,Gb:min
07_-_Revolver/03_-_I'm_Only_Sleeping,150.343968,153.861791,B:maj,B:maj
07_-_Revolver/03_-_I'm_Only_Sleeping,153.861791,156.253446,Gb:maj,Gb:maj
07_-_Revolver/03_-_I'm_Only_Sleeping,156.253446,158.575442,Ab:min,D:maj
07_-_Revolver/03_-_I'm_Only_Sleeping,158.575442,160.920657,Bb:min,Bb:maj
07_-_Revolver/03_-_I'm_Only_Sleeping,160.920657,163.231043,Ab:min,Ab:min
07_-_Revolver/03_-_I'm_Only_Sleeping,163.231043,165.564648,B:maj,B:maj
07_-_Revolver/03_-_I'm_Only_Sleeping,165.564648,165.971494,Ab:min,B:maj
07_-_Revolver/03_-_I'm_Only_Sleeping,165.971494,167.933083,Eb:min,E:maj
07_-_Revolver/03_-_I'm_Only_Sleeping,167.933083,176.349499,Eb:min,Eb:maj
01_-_Please_Please_Me/01_-_I_Saw_Her_Standing_There,2.612267,11.45907,E:maj,E:maj
01_-_Please_Please_Me/01_-_I_Saw_Her_Standing_There,11.45907,12.921927,A:maj,A:maj
01_-_Please_Please_Me/01_-_I_Saw_Her_Standing_There,12.921927,17.443474,E:maj,E:maj
01_-_Please_Please_Me/01_-_I_Saw_Her_Standing_There,17.443474,20.410362,B:maj,B:maj
01_-_Please_Please_Me/01_-_I_Saw_Her_Standing_There,20.410362,21.908049,E:maj,E:maj
01_-_Please_Please_Me/01_-_I_Saw_Her_Standing_There,21.908049,23.370907,E:maj,Ab:min
01_-_Please_Please_Me/01_-_I_Saw_Her_Standing_There,23.370907,24.856984,A:maj,A:maj
01_-_Please_Please_Me/01_-_I_Saw_Her_Standing_There,24.856984,26.343061,A:min,C:maj
01_-_Please_Please_Me/01_-_I_Saw_Her_Standing_There,26.343061,27.840748,E:maj,E:maj
01_-_Please_Please_Me/01_-_I_Saw_Her_Standing_There,27.840748,29.350045,B:maj,B:maj
01_-_Please_Please_Me/01_-_I_Saw_Her_Standing_There,29.350045,35.305963,E:maj,E:maj
01_-_Please_Please_Me/01_-_I_Saw_Her_Standing_There,35.305963,36.80365,A:maj,A:maj
01_-_Please_Please_Me/01_-_I_Saw_Her_Standing_There,36.80365,41.263102,E:maj,E:maj
01_-_Please_Please_Me/01_-_I_Saw_Her_Standing_There,41.263102,44.245646,B:maj,B:maj
01_-_Please_Please_Me/01_-_I_Saw_Her_Standing_There,44.245646,45.720113,E:maj,E:maj
01_-_Please_Please_Me/01_-_I_Saw_Her_Standing_There,45.720113,47.20619,E:maj,Ab:min
01_-_Please_Please_Me/01_-_I_Saw_Her_Standing_There,47.20619,48.692267,A:maj,A:maj
01_-_Please_Please_Me/01_-_I_Saw_Her_Standing_There,48.692267,50.155124,A:min,C:maj
01_-_Please_Please_Me/01_-_I_Saw_Her_Standing_There,50.155124,51.652811,E:maj,E:maj
01_-_Please_Please_Me/01_-_I_Saw_Her_Standing_There,51.652811,53.138888,B:maj,B:maj
01_-_Please_Please_Me/01_-_I_Saw_Her_Standing_There,53.138888,56.111043,E:maj,E:maj
01_-_Please_Please_Me/01_-_I_Saw_Her_Standing_There,56.111043,65.131995,A:maj,A:maj
01_-_Please_Please_Me/01_-_I_Saw_Her_Standing_There,65.131995,68.150589,B:maj,B:maj
01_-_Please_Please_Me/01_-_I_Saw_Her_Standing_There,68.150589,71.192403,A:maj,A:maj
01_-_Please_Please_Me/01_-_I_Saw_Her_Standing_There,71.192403,74.199387,E:maj,E:maj
01_-_Please_Please_Me/01_-_I_Saw_Her_Standing_There,74.199387,75.697074,A:maj,A:maj
01_-_Please_Please_Me/01_-_I_Saw_Her_Standing_There,75.697074,80.236575,E:maj,E:maj
01_-_Please_Please_Me/01_-_I_Saw_Her_Standing_There,80.236575,83.20873,B:maj,B:maj
01_-_Please_Please_Me/01_-_I_Saw_Her_Standing_There,83.20873,86.221693,E:maj,E:maj
01_-_Please_Please_Me/01_-_I_Saw_Her_Standing_There,86.221693,87.736621,A:maj,A:maj
01_-_Please_Please_Me/01_-_I_Saw_Her_Standing_There,87.736621,89.257528,A:min,C:maj
01_-_Please_Please_Me/01_-_I_Saw_Her_Standing_There,89.257528,90.720385,E:maj,E:maj
01_-_Please_Please_Me/01_-_I_Saw_Her_Standing_There,90.720385,92.157453,B:maj,B:maj
01_-_Please_Please_Me/01_-_I_Saw_Her_Standing_There,92.157453,104.106689,E:maj,E:maj
01_-_Please_Please_Me/01_-_I_Saw_Her_Standing_There,104.106689,107.125283,B:maj,B:min
01_-_Please_Please_Me/01_-_I_Saw_Her_Standing_There,107.125283,110.178707,E:maj,E:maj
01_-_Please_Please_Me/01_-_I_Saw_Her_Standing_There,110.178707,113.124087,A:maj,A:maj
01_-_Please_Please_Me/01_-_I_Saw_Her_Standing_There,113.124087,114.613718,E:maj,E:maj
01_-_Please_Please_Me/01_-_I_Saw_Her_Standing_There,114.613718,116.099795,B:maj,B:maj
01_-_Please_Please_Me/01_-_I_Saw_Her_Standing_There,116.099795,118.944961,E:maj,E:maj
01_-_Please_Please_Me/01_-_I_Saw_Her_Standing_There,118.944961,128.046462,A:maj,A:maj
01_-_Please_Please_Me/01_-_I_Saw_Her_Standing_There,128.046462,131.053446,B:maj,B:maj
01_-_Please_Please_Me/01_-_I_Saw_Her_Standing_There,131.053446,134.03721,A:maj,A:maj
01_-_Please_Please_Me/01_-_I_Saw_Her_Standing_There,134.03721,137.044195,E:maj,E:maj
01_-_Please_Please_Me/01_-_I_Saw_Her_Standing_There,137.044195,138.475524,A:maj,A:maj
01_-_Please_Please_Me/01_-_I_Saw_Her_Standing_There,138.475524,143.058163,E:maj,E:maj
01_-_Please_Please_Me/01_-_I_Saw_Her_Standing_There,143.058163,146.041927,B:maj,B:maj
01_-_Please_Please_Me/01_-_I_Saw_Her_Standing_There,146.041927,147.551224,E:maj,E:maj
01_-_Please_Please_Me/01_-_I_Saw_Her_Standing_There,147.551224,149.060521,E:maj,Ab:min
01_-_Please_Please_Me/01_-_I_Saw_Her_Standing_There,149.060521,150.511768,A:maj,A:maj
01_-_Please_Please_Me/01_-_I_Saw_Her_Standing_There,150.511768,152.021065,A:min,C:maj
01_-_Please_Please_Me/01_-_I_Saw_Her_Standing_There,152.021065,153.530362,E:maj,E:maj
01_-_Please_Please_Me/01_-_I_Saw_Her_Standing_There,153.530362,155.062879,B:maj,B:maj
01_-_Please_Please_Me/01_-_I_Saw_Her_Standing_There,155.062879,159.532721,E:maj,E:maj
01_-_Please_Please_Me/01_-_I_Saw_Her_Standing_There,159.532721,161.065238,B:maj,B:maj
01_-_Please_Please_Me/01_-_I_Saw_Her_Standing_There,161.065238,165.581519,E:maj,E:maj
01_-_Please_Please_Me/01_-_I_Saw_Her_Standing_There,165.581519,167.114036,B:maj,B:maj
01_-_Please_Please_Me/01_-_I_Saw_Her_Standing_There,167.114036,168.646553,A:maj,A:maj
01_-_Please_Please_Me/01_-_I_Saw_Her_Standing_There,168.646553,169.737409,E:maj,E:maj
01_-_Please_Please_Me/01_-_I_Saw_Her_Standing_There,169.737409,171.687173,E:maj,E:maj
00_Rock1-130-A_comp,0.0,7.384615384615385,A:maj,A:maj
00_Rock1-130-A_comp,7.384615384615385,11.076923076923077,D:maj,D:maj
00_Rock1-130-A_comp,11.076923076923077,14.76923076923077,A:maj,A:maj
00_Rock1-130-A_comp,14.76923076923077,16.615384615384617,E:maj,E:maj
00_Rock1-130-A_comp,16.615384615384617,18.461538461538463,D:maj,D:maj
00_Rock1-130-A_comp,18.461538461538463,22.1472,A:maj,A:maj
00_Rock3-117-Bb_comp,0.0,2.051282051282051,Bb:maj,Bb:maj
00_Rock3-117-Bb_comp,2.051282051282051,4.102564102564102,F:maj,F:maj
00_Rock3-117-Bb_comp,4.102564102564102,6.153846153846153,G:min,G:min
00_Rock3-117-Bb_comp,6.153846153846153,8.205128205128204,D:min,D:min
00_Rock3-117-Bb_comp,8.205128205128204,10.256410256410255,Eb:maj,Eb:maj
00_Rock3-117-Bb_comp,10.256410256410255,12.307692307692308,Bb:maj,Bb:maj
00_Rock3-117-Bb_comp,12.307692307692308,14.358974358974358,Eb:maj,Eb:maj
00_Rock3-117-Bb_comp,14.358974358974358,16.41025641025641,F:maj,F:maj
00_Rock3-117-Bb_comp,16.41025641025641,18.46153846153846,Bb:maj,Bb:maj
00_Rock3-117-Bb_comp,18.46153846153846,20.51282051282051,F:maj,F:maj
00_Rock3-117-Bb_comp,20.51282051282051,22.56410256410256,G:min,G:min
00_Rock3-117-Bb_comp,22.56410256410256,24.615384615384613,D:min,D:min
00_Rock3-117-Bb_comp,24.615384615384613,26.666666666666664,Eb:maj,Eb:maj
00_Rock3-117-Bb_comp,26.666666666666664,28.717948717948715,Bb:maj,Bb:maj
00_Rock3-117-Bb_comp,28.717948717948715,30.769230769230766,Eb:maj,Eb:maj
00_Rock3-117-Bb_comp,30.769230769230766,32.816400000000016,F:maj,F:maj
00_SS3-84-Bb_comp,0.0,2.857142857142857,Bb:maj,Bb:maj
00_SS3-84-Bb_comp,2.857142857142857,5.714285714285714,F:maj,F:maj
00_SS3-84-Bb_comp,5.714285714285714,8.571428571428571,G:min,D:min
00_SS3-84-Bb_comp,8.571428571428571,11.428571428571429,D:min,D:min
00_SS3-84-Bb_comp,11.428571428571429,14.285714285714286,Eb:maj,Eb:maj
00_SS3-84-Bb_comp,14.285714285714286,17.142857142857142,Bb:maj,Bb:maj
00_SS3-84-Bb_comp,17.142857142857142,20.0,Eb:maj,Eb:maj
00_SS3-84-Bb_comp,20.0,22.857142857142858,F:maj,F:min
00_SS3-84-Bb_comp,22.857142857142858,25.714285714285715,Bb:maj,Bb:min
00_SS3-84-Bb_comp,25.714285714285715,28.571428571428573,F:maj,F:maj
00_SS3-84-Bb_comp,28.571428571428573,31.42857142857143,G:min,G:min
00_SS3-84-Bb_comp,31.42857142857143,34.285714285714285,D:min,D:min
00_SS3-84-Bb_comp,34.285714285714285,37.142857142857146,Eb:maj,Eb:maj
00_SS3-84-Bb_comp,37.142857142857146,40.0,Bb:maj,Bb:maj
00_SS3-84-Bb_comp,40.0,42.85714285714286,Eb:maj,Eb:maj
00_SS3-84-Bb_comp,42.85714285714286,45.70760000000001,F:maj,F:maj
01_Rock2-142-D_comp,0.0,1.6901408450704225,G:min,G:min
01_Rock2-142-D_comp,1.6901408450704225,3.380281690140845,C:maj,C:maj
01_Rock2-142-D_comp,3.380281690140845,5.070422535211268,F:maj,F:maj
01_Rock2-142-D_comp,5.070422535211268,6.76056338028169,Bb:maj,Bb:maj
01_Rock2-142-D_comp,6.76056338028169,8.450704225352112,E:maj,E:maj
01_Rock2-142-D_comp,8.450704225352112,10.140845070422536,A:maj,A:maj
01_Rock2-142-D_comp,10.140845070422536,13.52112676056338,D:min,D:min
01_Rock2-142-D_comp,13.52112676056338,15.211267605633802,G:min,G:min
01_Rock2-142-D_comp,15.211267605633802,16.901408450704224,C:maj,C:maj
01_Rock2-142-D_comp,16.901408450704224,18.591549295774648,F:maj,F:maj
01_Rock2-142-D_comp,18.591549295774648,20.281690140845072,Bb:maj,Bb:min
01_Rock2-142-D_comp,20.281690140845072,21.971830985915492,E:maj,E:maj
01_Rock2-142-D_comp,21.971830985915492,23.661971830985916,A:maj,A:maj
01_Rock2-142-D_comp,23.661971830985916,27.041600000000003,D:min,D:min
01_Rock3-148-C_comp,0.0,1.6216216216216215,C:maj,C:maj
01_Rock3-148-C_comp,1.6216216216216215,3.243243243243243,G:maj,G:maj
01_Rock3-148-C_comp,3.243243243243243,4.864864864864865,A:min,A:maj
01_Rock3-148-C_comp,4.864864864864865,6.486486486486487,E:min,E:maj
01_Rock3-148-C_comp,6.486486486486487,8.108108108108109,F:maj,Bb:maj
01_Rock3-148-C_comp,8.108108108108109,9.72972972972973,C:maj,C:maj
01_Rock3-148-C_comp,9.72972972972973,11.351351351351353,F:maj,Bb:maj
01_Rock3-148-C_comp,11.351351351351353,12.972972972972974,G:maj,G:maj
01_Rock3-148-C_comp,12.972972972972974,14.594594594594597,C:maj,C:maj
01_Rock3-148-C_comp,14.594594594594597,16.216216216216218,G:maj,G:maj
01_Rock3-148-C_comp,16.216216216216218,17.83783783783784,A:min,A:maj
01_Rock3-148-C_comp,17.83783783783784,19.45945945945946,E:min,E:maj
01_Rock3-148-C_comp,19.45945945945946,21.08108108108108,F:maj,Bb:maj
01_Rock3-148-C_comp,21.08108108108108,22.702702702702705,C:maj,C:maj
01_Rock3-148-C_comp,22.702702702702705,24.324324324324326,F:maj,Bb:maj
01_Rock3-148-C_comp,24.324324324324326,25.940799999999996,G:maj,G:maj
01_SS2-88-F_comp,0.0,2.727272727272727,Bb:min,Bb:min
01_SS2-88-F_comp,2.727272727272727,5.454545454545454,Eb:maj,Eb:maj
01_SS2-88-F_comp,5.454545454545454,8.181818181818182,Ab:maj,Ab:min
01_SS2-88-F_comp,8.181818181818182,10.909090909090908,Db:maj,Db:maj
01_SS2-88-F_comp,10.909090909090908,13.636363636363637,G:maj,G:min
01_SS2-88-F_comp,13.636363636363637,16.363636363636363,C:maj,C:maj
01_SS2-88-F_comp,16.363636363636363,21.818181818181817,F:min,F:min
01_SS2-88-F_comp,21.818181818181817,24.545454545454543,Bb:min,Bb:min
01_SS2-88-F_comp,24.545454545454543,27.27272727272727,Eb:maj,Eb:maj
01_SS2-88-F_comp,27.27272727272727,29.999999999999996,Ab:maj,Ab:maj
01_SS2-88-F_comp,29.999999999999996,32.72727272727273,Db:maj,Db:maj
01_SS2-88-F_comp,32.72727272727273,35.45454545454545,G:maj,G:min
01_SS2-88-F_comp,35.45454545454545,38.18181818181818,C:maj,C:maj
01_SS2-88-F_comp,38.18181818181818,43.629200000000026,F:min,F:min
02_Rock1-90-C#_comp,0.0,10.666666666666666,Db:maj,Db:maj
02_Rock1-90-C#_comp,10.666666666666666,16.0,Gb:maj,Gb:min
02_Rock1-90-C#_comp,16.0,21.333333333333332,Db:maj,Db:maj
02_Rock1-90-C#_comp,21.333333333333332,24.0,Ab:maj,Ab:min
02_Rock1-90-C#_comp,24.0,26.666666666666664,Gb:maj,Gb:min
02_Rock1-90-C#_comp,26.666666666666664,31.999999999999993,Db:maj,Db:maj
02_Rock2-85-F_comp,0.0,2.823529411764706,Bb:min,Bb:min
02_Rock2-85-F_comp,2.823529411764706,5.647058823529412,Eb:maj,Eb:maj
02_Rock2-85-F_comp,5.647058823529412,8.470588235294118,Ab:maj,Ab:min
02_Rock2-85-F_comp,8.470588235294118,11.294117647058824,Db:maj,Db:maj
02_Rock2-85-F_comp,11.294117647058824,14.11764705882353,G:maj,G:maj
02_Rock2-85-F_comp,14.11764705882353,16.941176470588236,C:maj,C:maj
02_Rock2-85-F_comp,16.941176470588236,22.58823529411765,F:min,F:min
02_Rock2-85-F_comp,22.58823529411765,25.411764705882355,Bb:min,Bb:min
02_Rock2-85-F_comp,25.411764705882355,28.23529411764706,Eb:maj,Eb:maj
02_Rock2-85-F_comp,28.23529411764706,31.058823529411768,Ab:maj,Ab:min
02_Rock2-85-F_comp,31.058823529411768,33.88235294117647,Db:maj,Db:maj
02_Rock2-85-F_comp,33.88235294117647,36.70588235294118,G:maj,G:maj
02_Rock2-85-F_comp,36.70588235294118,39.52941176470589,C:maj,C:maj
02_Rock2-85-F_comp,39.52941176470589,45.173199999999994,F:min,F:min
02_Rock3-148-C_comp,0.0,1.6216216216216215,C:maj,C:maj
02_Rock3-148-C_comp,1.6216216216216215,3.243243243243243,G:maj,G:maj
02_Rock3-148-C_comp,3.243243243243243,4.864864864864865,A:min,A:min
02_Rock3-148-C_comp,4.864864864864865,6.486486486486487,E:min,E:maj
02_Rock3-148-C_comp,6.486486486486487,8.108108108108109,F:maj,F:maj
02_Rock3-148-C_comp,8.108108108108109,9.72972972972973,C:maj,C:maj
02_Rock3-148-C_comp,9.72972972972973,11.351351351351353,F:maj,F:maj
02_Rock3-148-C_comp,11.351351351351353,12.972972972972974,G:maj,G:maj
02_Rock3-148-C_comp,12.972972972972974,14.594594594594597,C:maj,C:maj
02_Rock3-148-C_comp,14.594594594594597,16.216216216216218,G:maj,G:maj
02_Rock3-148-C_comp,16.216216216216218,17.83783783783784,A:min,A:min
02_Rock3-148-C_comp,17.83783783783784,19.45945945945946,E:min,E:maj
02_Rock3-148-C_comp,19.45945945945946,21.08108108108108,F:maj,F:maj
02_Rock3-148-C_comp,21.08108108108108,22.702702702702705,C:maj,C:maj
02_Rock3-148-C_comp,22.702702702702705,24.324324324324326,F:maj,F:maj
02_Rock3-148-C_comp,24.324324324324326,25.940799999999996,G:maj,G:maj
02_SS3-84-Bb_comp,0.0,2.857142857142857,Bb:maj,Bb:maj
02_SS3-84-Bb_comp,2.857142857142857,5.714285714285714,F:maj,F:min
02_SS3-84-Bb_comp,5.714285714285714,8.571428571428571,G:min,G:min
02_SS3-84-Bb_comp,8.571428571428571,11.428571428571429,D:min,D:min
02_SS3-84-Bb_comp,11.428571428571429,14.285714285714286,Eb:maj,Eb:maj
02_SS3-84-Bb_comp,14.285714285714286,17.142857142857142,Bb:maj,Bb:maj
02_SS3-84-Bb_comp,17.142857142857142,20.0,Eb:maj,Eb:maj
02_SS3-84-Bb_comp,20.0,22.857142857142858,F:maj,F:min
02_SS3-84-Bb_comp,22.857142857142858,25.714285714285715,Bb:maj,Bb:min
02_SS3-84-Bb_comp,25.714285714285715,28.571428571428573,F:maj,Eb:maj
02_SS3-84-Bb_comp,28.571428571428573,31.42857142857143,G:min,G:min
02_SS3-84-Bb_comp,31.42857142857143,34.285714285714285,D:min,D:min
02_SS3-84-Bb_comp,34.285714285714285,37.142857142857146,Eb:maj,Eb:maj
02_SS3-84-Bb_comp,37.142857142857146,40.0,Bb:maj,Bb:min
02_SS3-84-Bb_comp,40.0,42.85714285714286,Eb:maj,Eb:maj
02_SS3-84-Bb_comp,42.85714285714286,45.70760000000001,F:maj,F:min
03_Rock1-90-C#_comp,0.0,10.666666666666666,Db:maj,Db:min
03_Rock1-90-C#_comp,10.666666666666666,16.0,Gb:maj,Gb:maj
03_Rock1-90-C#_comp,16.0,21.333333333333332,Db:maj,Db:min
03_Rock1-90-C#_comp,21.333333333333332,24.0,Ab:maj,Ab:min
03_Rock1-90-C#_comp,24.0,26.666666666666664,Gb:maj,Gb:maj
03_Rock1-90-C#_comp,26.666666666666664,31.999999999999993,Db:maj,Db:min
03_Rock2-142-D_comp,0.0,1.6901408450704225,G:min,G:min
03_Rock2-142-D_comp,1.6901408450704225,3.380281690140845,C:maj,C:maj
03_Rock2-142-D_comp,3.380281690140845,5.070422535211268,F:maj,F:min
03_Rock2-142-D_comp,5.070422535211268,6.76056338028169,Bb:maj,Bb:maj
03_Rock2-142-D_comp,6.76056338028169,8.450704225352112,E:maj,E:maj
03_Rock2-142-D_comp,8.450704225352112,10.140845070422536,A:maj,A:min
03_Rock2-142-D_comp,10.140845070422536,13.52112676056338,D:min,D:min
03_Rock2-142-D_comp,13.52112676056338,15.211267605633802,G:min,G:min
03_Rock2-142-D_comp,15.211267605633802,16.901408450704224,C:maj,C:maj
03_Rock2-142-D_comp,16.901408450704224,18.591549295774648,F:maj,F:maj
03_Rock2-142-D_comp,18.591549295774648,20.281690140845072,Bb:maj,Bb:maj
03_Rock2-142-D_comp,20.281690140845072,21.971830985915492,E:maj,E:maj
03_Rock2-142-D_comp,21.971830985915492,23.661971830985916,A:maj,A:maj
03_Rock2-142-D_comp,23.661971830985916,27.041600000000003,D:min,D:min
03_SS1-100-C#_comp,0.0,9.6,Db:maj,Db:maj
03_SS1-100-C#_comp,9.6,14.4,Gb:maj,Gb:maj
03_SS1-100-C#_comp,14.4,19.2,Db:maj,Db:maj
03_SS1-100-C#_comp,19.2,21.6,Ab:maj,Ab:maj
03_SS1-100-C#_comp,21.6,24.0,Gb:maj,Gb:maj
03_SS1-100-C#_comp,24.0,28.80000000000001,Db:maj,Db:maj
03_SS3-98-C_comp,0.0,2.4489795918367347,C:maj,C:maj
03_SS3-98-C_comp,2.4489795918367347,4.8979591836734695,G:maj,G:maj
03_SS3-98-C_comp,4.8979591836734695,7.346938775510204,A:min,A:min
03_SS3-98-C_comp,7.346938775510204,9.79591836734694,E:min,E:min
03_SS3-98-C_comp,9.79591836734694,12.244897959183676,F:maj,F:maj
03_SS3-98-C_comp,12.244897959183676,14.693877551020408,C:maj,C:maj
03_SS3-98-C_comp,14.693877551020408,17.142857142857142,F:maj,F:maj
03_SS3-98-C_comp,17.142857142857142,19.59183673469388,G:maj,G:maj
03_SS3-98-C_comp,19.59183673469388,22.040816326530617,C:maj,C:maj
03_SS3-98-C_comp,22.040816326530617,24.48979591836735,G:maj,G:maj
03_SS3-98-C_comp,24.48979591836735,26.93877551020408,A:min,A:min
03_SS3-98-C_comp,26.93877551020408,29.387755102040817,E:min,E:min
03_SS3-98-C_comp,29.387755102040817,31.836734693877553,F:maj,F:maj
03_SS3-98-C_comp,31.836734693877553,34.285714285714285,C:maj,C:maj
03_SS3-98-C_comp,34.285714285714285,36.734693877551024,F:maj,F:maj
03_SS3-98-C_comp,36.734693877551024,39.17879999999997,G:maj,G:maj
04_Rock3-148-C_comp,0.0,1.6216216216216215,C:maj,C:maj
04_Rock3-148-C_comp,1.6216216216216215,3.243243243243243,G:maj,G:maj
04_Rock3-148-C_comp,3.243243243243243,4.864864864864865,A:min,A:maj
04_Rock3-148-C_comp,4.864864864864865,6.486486486486487,E:min,E:maj
04_Rock3-148-C_comp,6.486486486486487,8.108108108108109,F:maj,F:maj
04_Rock3-148-C_comp,8.108108108108109,9.72972972972973,C:maj,C:maj
04_Rock3-148-C_comp,9.72972972972973,11.351351351351353,F:maj,F:maj
04_Rock3-148-C_comp,11.351351351351353,12.972972972972974,G:maj,G:min
04_Rock3-148-C_comp,12.972972972972974,14.594594594594597,C:maj,C:maj
04_Rock3-148-C_comp,14.594594594594597,16.216216216216218,G:maj,G:min
04_Rock3-148-C_comp,16.216216216216218,17.83783783783784,A:min,A:maj
04_Rock3-148-C_comp,17.83783783783784,19.45945945945946,E:min,E:maj
04_Rock3-148-C_comp,19.45945945945946,21.08108108108108,F:maj,F:maj
04_Rock3-148-C_comp,21.08108108108108,22.702702702702705,C:maj,C:maj
04_Rock3-148-C_comp,22.702702702702705,24.324324324324326,F:maj,F:maj
04_Rock3-148-C_comp,24.324324324324326,25.940799999999996,G:maj,G:min
05_Rock2-142-D_comp,0.0,1.6901408450704225,G:min,G:min
05_Rock2-142-D_comp,1.6901408450704225,3.380281690140845,C:maj,C:maj
05_Rock2-142-D_comp,3.380281690140845,5.070422535211268,F:maj,F:maj
05_Rock2-142-D_comp,5.070422535211268,6.76056338028169,Bb:maj,Bb:maj
05_Rock2-142-D_comp,6.76056338028169,8.450704225352112,E:maj,E:min
05_Rock2-142-D_comp,8.450704225352112,10.140845070422536,A:maj,A:min
05_Rock2-142-D_comp,10.140845070422536,13.52112676056338,D:min,D:maj
05_Rock2-142-D_comp,13.52112676056338,15.211267605633802,G:min,G:min
05_Rock2-142-D_comp,15.211267605633802,16.901408450704224,C:maj,C:maj
05_Rock2-142-D_comp,16.901408450704224,18.591549295774648,F:maj,F:maj
05_Rock2-142-D_comp,18.591549295774648,20.281690140845072,Bb:maj,Bb:maj
05_Rock2-142-D_comp,20.281690140845072,21.971830985915492,E:maj,E:min
05_Rock2-142-D_comp,21.971830985915492,23.661971830985916,A:maj,A:min
05_Rock2-142-D_comp,23.661971830985916,27.041600000000003,D:min,D:min
05_Rock3-117-Bb_comp,0.0,2.051282051282051,Bb:maj,Bb:maj
05_Rock3-117-Bb_comp,2.051282051282051,4.102564102564102,F:maj,F:min
05_Rock3-117-Bb_comp,4.102564102564102,6.153846153846153,G:min,G:min
05_Rock3-117-Bb_comp,6.153846153846153,8.205128205128204,D:min,D:min
05_Rock3-117-Bb_comp,8.205128205128204,10.256410256410255,Eb:maj,Eb:maj
05_Rock3-117-Bb_comp,10.256410256410255,12.307692307692308,Bb:maj,Bb:maj
05_Rock3-117-Bb_comp,12.307692307692308,14.358974358974358,Eb:maj,Eb:maj
05_Rock3-117-Bb_comp,14.358974358974358,16.41025641025641,F:maj,F:min
05_Rock3-117-Bb_comp,16.41025641025641,18.46153846153846,Bb:maj,Bb:maj
05_Rock3-117-Bb_comp,18.46153846153846,20.51282051282051,F:maj,F:min
05_Rock3-117-Bb_comp,20.51282051282051,22.56410256410256,G:min,G:min
05_Rock3-117-Bb_comp,22.56410256410256,24.615384615384613,D:min,D:min
05_Rock3-117-Bb_comp,24.615384615384613,26.666666666666664,Eb:maj,Eb:maj
05_Rock3-117-Bb_comp,26.666666666666664,28.717948717948715,Bb:maj,Bb:maj
05_Rock3-117-Bb_comp,28.717948717948715,30.769230769230766,Eb:maj,Eb:maj
05_Rock3-117-Bb_comp,30.769230769230766,32.816400000000016,F:maj,F:min
05_Rock3-148-C_comp,0.0,1.6216216216216215,C:maj,C:maj
05_Rock3-148-C_comp,1.6216216216216215,3.243243243243243,G:maj,G:maj
05_Rock3-148-C_comp,3.243243243243243,4.864864864864865,A:min,A:min
05_Rock3-148-C_comp,4.864864864864865,6.486486486486487,E:min,E:min
05_Rock3-148-C_comp,6.486486486486487,8.108108108108109,F:maj,F:maj
05_Rock3-148-C_comp,8.108108108108109,9.72972972972973,C:maj,E:min
05_Rock3-148-C_comp,9.72972972972973,11.351351351351353,F:maj,F:maj
05_Rock3-148-C_comp,11.351351351351353,12.972972972972974,G:maj,G:maj
05_Rock3-148-C_comp,12.972972972972974,14.594594594594597,C:maj,C:maj
05_Rock3-148-C_comp,14.594594594594597,16.216216216216218,G:maj,G:maj
05_Rock3-148-C_comp,16.216216216216218,17.83783783783784,A:min,A:min
05_Rock3-148-C_comp,17.83783783783784,19.45945945945946,E:min,G:maj
05_Rock3-148-C_comp,19.45945945945946,21.08108108108108,F:maj,F:maj
05_Rock3-148-C_comp,21.08108108108108,22.702702702702705,C:maj,E:min
05_Rock3-148-C_comp,22.702702702702705,24.324324324324326,F:maj,F:maj
05_Rock3-148-C_comp,24.324324324324326,25.940799999999996,G:maj,G:maj
05_SS2-88-F_comp,0.0,2.727272727272727,Bb:min,Bb:min
05_SS2-88-F_comp,2.727272727272727,5.454545454545454,Eb:maj,Eb:maj
05_SS2-88-F_comp,5.454545454545454,8.181818181818182,Ab:maj,Ab:min
05_SS2-88-F_comp,8.181818181818182,10.909090909090908,Db:maj,Db:maj
05_SS2-88-F_comp,10.909090909090908,13.636363636363637,G:maj,G:min
05_SS2-88-F_comp,13.636363636363637,16.363636363636363,C:maj,C:maj
05_SS2-88-F_comp,16.363636363636363,21.818181818181817,F:min,F:maj
05_SS2-88-F_comp,21.818181818181817,24.545454545454543,Bb:min,Bb:maj
05_SS2-88-F_comp,24.545454545454543,27.27272727272727,Eb:maj,Eb:maj
05_SS2-88-F_comp,27.27272727272727,29.999999999999996,Ab:maj,Ab:maj
05_SS2-88-F_comp,29.999999999999996,32.72727272727273,Db:maj,Db:maj
05_SS2-88-F_comp,32.72727272727273,35.45454545454545,G:maj,Bb:maj
05_SS2-88-F_comp,35.45454545454545,38.18181818181818,C:maj,C:maj
05_SS2-88-F_comp,38.18181818181818,43.629200000000026,F:min,F:min
